Name ,roll ,Eng ,Math ,Beng,Total,Avg
A,11,66,67,78,211,70.33333333
B,12,45,45,67,157,52.33333333
C,13,56,56,78,190,63.33333333
D,14,67,67,89,223,74.33333333
E,15,55,88,56,199,66.33333333
F,23,33,NaN,23,NaN,NaN
